{
  "Component-preload.js": 1614022666922,
  "Component.js": 1613597031856,
  "model/models.js": 1613597031860,
  "controller/App.controller.js": 1613597031856,
  "manifest.json": 1614022666783,
  "manifest-bundle.zip": 1614022666791,
  "i18n/i18n.properties": 1613597031856,
  "Component-dbg.js": 1613597031856,
  "controller/App-dbg.controller.js": 1613597031856,
  "model/models-dbg.js": 1613597031860,
  "view/App.view.xml": 1613599073702,
  "css/style.css": 1613597031856,
  "index.html": 1613857997269
}